#sample	#FusionName	JunctionReadCount	SpanningFragCount	SpliceType	LeftGene	LeftBreakpoint	RightGene	RightBreakpoint	LargeAnchorSupport	FFPM	LeftBreakDinuc	LeftBreakEntropy	RightBreakDinuc	RightBreakEntropy	annots
breast-ERR030883	DHRS4L2--RN7SL2	11	1	INCL_NON_REF_SPLICE	DHRS4L2^ENSG00000187630.15	chr14:23987274:+	RN7SL2^ENSG00000274012.1	chr14:49883633:-	NO_LDAS	0.1582	CA	1.8892	GG	1.9656	["INTRACHROMOSOMAL[chr14:25.86Mb]"]
breast-ERR030883	MTND1P14--MTND1P23	9	3	INCL_NON_REF_SPLICE	MTND1P14^ENSG00000227225.1	chr17:19603139:+	MTND1P23^ENSG00000225972.1	chr1:629126:+	NO_LDAS	0.1581	CA	1.7465	CG	1.5546	["INTERCHROMOSOMAL[chr17--chr1]"]
breast-ERR030883	IGKV2-28--AC244205.1	5	5	INCL_NON_REF_SPLICE	IGKV2-28^ENSG00000244116.3	chr2:89221699:-	AC244205.1^ENSG00000240040.6	chr2:88861562:-	NO_LDAS	0.1318	TC	1.7819	GT	1.9086	["INTRACHROMOSOMAL[chr2:0.36Mb]"]
breast-ERR030883	MGST1--AC007529.2	2	12	ONLY_REF_SPLICE	MGST1^ENSG00000008394.12	chr12:16383604:+	AC007529.2^ENSG00000283240.1	chr12:16661766:+	NO_LDAS	0.1846	GT	1.9329	AG	1.6895	["INTRACHROMOSOMAL[chr12:0.05Mb]","NEIGHBORS[52507]"]
breast-ERR030883	SOCS7--TBC1D3F	2	9	ONLY_REF_SPLICE	SOCS7^ENSG00000274211.4	chr17:38353032:+	TBC1D3F^ENSG00000275954.5	chr17:36436378:-	YES_LDAS	0.145	GT	1.5546	AG	1.8892	["INTRACHROMOSOMAL[chr17:1.91Mb]"]
brain-ERR030882	MTND1P14--MTND1P23	11	1	INCL_NON_REF_SPLICE	MTND1P14^ENSG00000227225.1	chr17:19603141:+	MTND1P23^ENSG00000225972.1	chr1:629128:+	YES_LDAS	0.1632	CT	1.5058	CA	1.6729	["INTERCHROMOSOMAL[chr17--chr1]"]
brain-ERR030882	GFAP--RN7SL2	3	10	INCL_NON_REF_SPLICE	GFAP^ENSG00000131095.12	chr17:44906806:-	RN7SL2^ENSG00000274012.1	chr14:49862783:-	NO_LDAS	0.1768	TG	1.9899	TG	1.9656	["INTERCHROMOSOMAL[chr17--chr14]"]
heart-ERR030886	MTCO1P12--MTND4P12	3	12	INCL_NON_REF_SPLICE	MTCO1P12^ENSG00000237973.1	chr1:631359:+	MTND4P12^ENSG00000247627.2	chr5:134927843:-	YES_LDAS	0.1809	GC	1.9086	CC	1.5656	["INTERCHROMOSOMAL[chr1--chr5]"]
liver-ERR030887	SAA1--HP	1	12	ONLY_REF_SPLICE	SAA1^ENSG00000173432.10	chr11:18266978:+	HP^ENSG00000257017.8	chr16:72057392:+	NO_LDAS	0.1624	GT	1.8323	AG	1.8892	["INTERCHROMOSOMAL[chr11--chr16]"]
liver-ERR030887	SAA2-SAA4--HPR	1	8	ONLY_REF_SPLICE	SAA2-SAA4^ENSG00000255071.3	chr11:18247921:-	HPR^ENSG00000261701.6	chr16:72075145:+	NO_LDAS	0.1124	GT	1.8323	AG	1.8892	["INTERCHROMOSOMAL[chr11--chr16]"]
lung-ERR030879	IGKV2-28--AC244205.1	14	154	INCL_NON_REF_SPLICE	IGKV2-28^ENSG00000244116.3	chr2:89221693:-	AC244205.1^ENSG00000240040.6	chr2:88861556:-	YES_LDAS	2.1187	AG	1.3996	AG	1.8892	["INTRACHROMOSOMAL[chr2:0.36Mb]"]
lung-ERR030879	IGKV3-15--AC244205.1	4	92	INCL_NON_REF_SPLICE	IGKV3-15^ENSG00000244437.1	chr2:89085175:-	AC244205.1^ENSG00000240040.6	chr2:88861562:-	NO_LDAS	1.2106	CA	1.9329	GT	1.9086	["INTRACHROMOSOMAL[chr2:0.22Mb]"]
skeletal_muscle-ERR030876	ACTG1P9--ACTA1	8	1	INCL_NON_REF_SPLICE	ACTG1P9^ENSG00000229349.2	chr6:46205961:+	ACTA1^ENSG00000143632.14	chr1:229431639:-	NO_LDAS	0.1096	TC	1.6729	TC	1.6895	["INTERCHROMOSOMAL[chr6--chr1]"]
skeletal_muscle-ERR030876	YBX3--AC079600.2	4	6	INCL_NON_REF_SPLICE	YBX3^ENSG00000060138.12	chr12:10701960:-	AC079600.2^ENSG00000257687.1	chr12:42627134:-	YES_LDAS	0.1218	GT	1.6895	AG	1.7819	["INTRACHROMOSOMAL[chr12:31.90Mb]"]
thyroid-ERR030872	FP236383.2--TG	3	33	INCL_NON_REF_SPLICE	FP236383.2^ENSG00000280614.1	chr21:8393916:-	TG^ENSG00000042832.11	chr8:133133548:+	YES_LDAS	0.4395	TG	1.7819	GC	1.7819	["INTERCHROMOSOMAL[chr21--chr8]"]
ovary-ERR030874	RPL3--H3F3B	47	1	INCL_NON_REF_SPLICE	RPL3^ENSG00000100316.15	chr22:39317612:-	H3F3B^ENSG00000132475.10	chr17:75779082:-	NO_LDAS	0.593	TG	1.5628	CC	1.7819	["INTERCHROMOSOMAL[chr22--chr17]"]
ovary-ERR030874	MTCO3P12--MTCO3P22	5	149	INCL_NON_REF_SPLICE	MTCO3P12^ENSG00000198744.5	chr1:634923:+	MTCO3P22^ENSG00000270388.1	chr5:100051370:-	NO_LDAS	1.9025	GG	1.9899	GA	1.8062	["INTERCHROMOSOMAL[chr1--chr5]"]
ovary-ERR030874	ACTG1--IGFBP5	9	11	INCL_NON_REF_SPLICE	ACTG1^ENSG00000184009.9	chr17:81511229:-	IGFBP5^ENSG00000115461.4	chr2:216673024:-	NO_LDAS	0.2471	GT	1.9656	AG	1.8892	["INTERCHROMOSOMAL[chr17--chr2]"]
ovary-ERR030874	ACTB--RPS4X	7	2	INCL_NON_REF_SPLICE	ACTB^ENSG00000075624.13	chr7:5528322:-	RPS4X^ENSG00000198034.10	chrX:72273322:-	NO_LDAS	0.1112	GT	1.9656	AG	1.9086	["INTERCHROMOSOMAL[chr7--chrX]"]
prostate-ERR030877	CASTOR2--GTF2I	1	30	ONLY_REF_SPLICE	CASTOR2^ENSG00000274070.1	chr7:74965098:+	GTF2I^ENSG00000263001.5	chr7:74728786:+	NO_LDAS	0.3765	GT	1.8892	AG	1.7968	["INTRACHROMOSOMAL[chr7:0.20Mb]"]
adrenal-ERR030881	IGKV2-30--AC244205.1	33	56	INCL_NON_REF_SPLICE	IGKV2-30^ENSG00000243238.1	chr2:89244776:-	AC244205.1^ENSG00000240040.6	chr2:88861556:-	YES_LDAS	1.1951	AG	1.7232	AG	1.8892	["INTRACHROMOSOMAL[chr2:0.38Mb]"]
adrenal-ERR030881	IGKV2-30--AC244205.1	11	56	INCL_NON_REF_SPLICE	IGKV2-30^ENSG00000243238.1	chr2:89244782:-	AC244205.1^ENSG00000240040.6	chr2:88861562:-	YES_LDAS	0.8997	TC	1.9329	GT	1.9086	["INTRACHROMOSOMAL[chr2:0.38Mb]"]
adrenal-ERR030881	RPL13--AL359265.2	3	9	INCL_NON_REF_SPLICE	RPL13^ENSG00000167526.13	chr16:89563160:+	AL359265.2^ENSG00000232463.1	chr1:176231332:-	NO_LDAS	0.1611	GA	1.8062	CC	1.9899	["INTERCHROMOSOMAL[chr16--chr1]"]
adipose-ERR030880	TMSB10--AC139491.1	3	23	INCL_NON_REF_SPLICE	TMSB10^ENSG00000034510.5	chr2:84906582:+	AC139491.1^ENSG00000248469.1	chr5:176050549:-	NO_LDAS	0.3363	CA	1.4566	TG	1.9656	["INTERCHROMOSOMAL[chr2--chr5]"]
adipose-ERR030880	ACTB--GPX3	4	8	INCL_NON_REF_SPLICE	ACTB^ENSG00000075624.13	chr7:5528322:-	GPX3^ENSG00000211445.11	chr5:151025406:+	NO_LDAS	0.1552	GT	1.9656	AG	1.8892	["INTERCHROMOSOMAL[chr7--chr5]"]
adipose-ERR030880	ACTB--IGFBP5	5	3	INCL_NON_REF_SPLICE	ACTB^ENSG00000075624.13	chr7:5528322:-	IGFBP5^ENSG00000115461.4	chr2:216673024:-	NO_LDAS	0.1035	GT	1.9656	AG	1.8892	["INTERCHROMOSOMAL[chr7--chr2]"]
leukocyte-ERR030875	IGKV3-15--AC244205.1	3	27	INCL_NON_REF_SPLICE	IGKV3-15^ENSG00000244437.1	chr2:89085178:-	AC244205.1^ENSG00000240040.6	chr2:88861562:-	NO_LDAS	0.3693	TC	1.9656	GT	1.9086	["INTRACHROMOSOMAL[chr2:0.22Mb]"]
leukocyte-ERR030875	IGKV2-30--AC244205.1	3	8	INCL_NON_REF_SPLICE	IGKV2-30^ENSG00000243238.1	chr2:89244779:-	AC244205.1^ENSG00000240040.6	chr2:88861562:-	NO_LDAS	0.1354	CA	1.8295	GT	1.9086	["INTRACHROMOSOMAL[chr2:0.38Mb]"]
lymph_node-ERR030878	IGKV2-28--AC244205.1	180	934	INCL_NON_REF_SPLICE	IGKV2-28^ENSG00000244116.3	chr2:89221693:-	AC244205.1^ENSG00000240040.6	chr2:88861556:-	YES_LDAS	13.5724	AG	1.3996	AG	1.8892	["INTRACHROMOSOMAL[chr2:0.36Mb]"]
kidney-ERR030885	MIR6723--MALAT1	5	132	INCL_NON_REF_SPLICE	MIR6723^ENSG00000278791.1	chr1:632321:-	MALAT1^ENSG00000251562.7	chr11:65502257:+	YES_LDAS	1.704	TA	1.9656	GG	1.6895	["INTERCHROMOSOMAL[chr1--chr11]"]
kidney-ERR030885	MIR6723--MALAT1	5	62	INCL_NON_REF_SPLICE	MIR6723^ENSG00000278791.1	chr1:632347:-	MALAT1^ENSG00000251562.7	chr11:65500219:+	YES_LDAS	0.8334	AG	1.5301	AG	1.5656	["INTERCHROMOSOMAL[chr1--chr11]"]
kidney-ERR030885	MIR6723--MALAT1	4	62	INCL_NON_REF_SPLICE	MIR6723^ENSG00000278791.1	chr1:632332:-	MALAT1^ENSG00000251562.7	chr11:65500241:+	NO_LDAS	0.821	GA	1.9656	CC	1.7056	["INTERCHROMOSOMAL[chr1--chr11]"]
kidney-ERR030885	MIR6723--MALAT1	4	62	INCL_NON_REF_SPLICE	MIR6723^ENSG00000278791.1	chr1:632354:-	MALAT1^ENSG00000251562.7	chr11:65502417:+	YES_LDAS	0.821	GG	1.8062	TG	1.7465	["INTERCHROMOSOMAL[chr1--chr11]"]
kidney-ERR030885	MIR6723--MALAT1	3	62	INCL_NON_REF_SPLICE	MIR6723^ENSG00000278791.1	chr1:632360:-	MALAT1^ENSG00000251562.7	chr11:65502556:+	NO_LDAS	0.8085	GT	1.8323	GA	1.8062	["INTERCHROMOSOMAL[chr1--chr11]"]
kidney-ERR030885	MIR6723--MALAT1	3	62	INCL_NON_REF_SPLICE	MIR6723^ENSG00000278791.1	chr1:632365:-	MALAT1^ENSG00000251562.7	chr11:65500498:+	NO_LDAS	0.8085	AA	1.8892	AG	1.9899	["INTERCHROMOSOMAL[chr1--chr11]"]
kidney-ERR030885	MIR6723--MALAT1	3	62	INCL_NON_REF_SPLICE	MIR6723^ENSG00000278791.1	chr1:632355:-	MALAT1^ENSG00000251562.7	chr11:65500882:+	NO_LDAS	0.8085	GG	1.9329	TG	1.8295	["INTERCHROMOSOMAL[chr1--chr11]"]
kidney-ERR030885	MIR6723--MALAT1	3	62	INCL_NON_REF_SPLICE	MIR6723^ENSG00000278791.1	chr1:632324:-	MALAT1^ENSG00000251562.7	chr11:65502560:+	YES_LDAS	0.8085	TG	1.9656	TG	1.8892	["INTERCHROMOSOMAL[chr1--chr11]"]
kidney-ERR030885	MIR6723--MALAT1	3	62	INCL_NON_REF_SPLICE	MIR6723^ENSG00000278791.1	chr1:632321:-	MALAT1^ENSG00000251562.7	chr11:65500251:+	YES_LDAS	0.8085	TA	1.9656	AG	1.7819	["INTERCHROMOSOMAL[chr1--chr11]"]
kidney-ERR030885	MIR6723--MALAT1	3	62	INCL_NON_REF_SPLICE	MIR6723^ENSG00000278791.1	chr1:632318:-	MALAT1^ENSG00000251562.7	chr11:65499868:+	NO_LDAS	0.8085	CG	1.8062	AG	1.3383	["INTERCHROMOSOMAL[chr1--chr11]"]
testis-ERR030873	NUPR2--PSPH	9	5	ONLY_REF_SPLICE	NUPR2^ENSG00000185290.3	chr7:56116015:-	PSPH^ENSG00000146733.13	chr7:56021231:-	NO_LDAS	0.1711	GT	1.8892	AG	1.9656	["INTRACHROMOSOMAL[chr7:0.06Mb]","NEIGHBORS[63077]"]
